{"Unnamed: 0":{"0":0,"1":1,"2":2,"3":3,"4":4,"5":5,"6":6,"7":7,"8":8,"9":9,"10":10,"11":11,"12":12,"13":13,"14":14,"15":15,"16":16},"element":{"0":"solenoid","1":"solenoid","2":"solenoid","3":"solenoid","4":"solenoid","5":"solenoid","6":"solenoid","7":"solenoid","8":"absorber","9":"solenoid","10":"solenoid","11":"solenoid","12":"solenoid","13":"solenoid","14":"solenoid","15":"pillbox","16":"pillbox"},"name":{"0":"L0","1":"MU1","2":"MU2","3":"MU3","4":"H1corr1_U","5":"H1corr2_U","6":"H1corr3_U","7":"H1","8":"abs1","9":"H1corr1_D","10":"H1corr2_D","11":"H1corr3_D","12":"MD1_1","13":"MD1_2","14":"MD1_3","15":"RF0","16":"RF1"},"centre":{"0":0.0,"1":1.0,"2":1.6,"3":1.9,"4":2.106,"5":2.118,"6":2.13,"7":2.894681345,"8":2.894681345,"9":3.68336269,"10":3.67136269,"11":3.65936269,"12":3.88936269,"13":4.43936269,"14":4.98936269,"15":4.16436269,"16":4.71436269},"length":{"0":1.0,"1":0.2,"2":0.2,"3":0.2,"4":0.012,"5":0.012,"6":0.012,"7":1.51736269,"8":1.27736269,"9":0.012,"10":0.012,"11":0.012,"12":0.2,"13":0.2,"14":0.2,"15":0.25,"16":0.25},"material":{"0":null,"1":null,"2":null,"3":null,"4":null,"5":null,"6":null,"7":null,"8":"LH2","9":null,"10":null,"11":null,"12":null,"13":null,"14":null,"15":null,"16":null},"inner_radius":{"0":0.1,"1":0.1,"2":0.1,"3":0.1,"4":0.03,"5":0.03,"6":0.03,"7":0.03,"8":0.0,"9":0.03,"10":0.03,"11":0.03,"12":0.1,"13":0.1,"14":0.1,"15":0.16,"16":0.16},"outer_radius":{"0":0.3,"1":0.3,"2":0.3,"3":0.3,"4":0.135,"5":0.125,"6":0.115,"7":0.09,"8":0.025,"9":0.135,"10":0.125,"11":0.115,"12":0.3,"13":0.3,"14":0.3,"15":null,"16":null},"field_on-axis":{"0":4.0,"1":null,"2":null,"3":null,"4":null,"5":null,"6":null,"7":40.0,"8":null,"9":null,"10":null,"11":null,"12":null,"13":null,"14":null,"15":null,"16":null},"current_density":{"0":17.0,"1":34.0790733378,"2":3.3219755405,"3":51.6529798654,"4":535.3,"5":535.3,"6":535.3,"7":535.3,"8":null,"9":535.3,"10":535.3,"11":535.3,"12":35.5968239805,"13":-7.5641060566,"14":-12.1104647001,"15":null,"16":null},"nsheets":{"0":5.0,"1":5.0,"2":5.0,"3":5.0,"4":3.0,"5":3.0,"6":3.0,"7":5.0,"8":null,"9":5.0,"10":5.0,"11":5.0,"12":5.0,"13":5.0,"14":5.0,"15":null,"16":null},"gradient":{"0":null,"1":null,"2":null,"3":null,"4":null,"5":null,"6":null,"7":null,"8":null,"9":null,"10":null,"11":null,"12":null,"13":null,"14":null,"15":64.0,"16":64.0},"frequency":{"0":null,"1":null,"2":null,"3":null,"4":null,"5":null,"6":null,"7":null,"8":null,"9":null,"10":null,"11":null,"12":null,"13":null,"14":null,"15":50.0,"16":50.0},"phase":{"0":null,"1":null,"2":null,"3":null,"4":null,"5":null,"6":null,"7":null,"8":null,"9":null,"10":null,"11":null,"12":null,"13":null,"14":null,"15":0.0,"16":0.0},"wedge_angle":{"0":null,"1":null,"2":null,"3":null,"4":null,"5":null,"6":null,"7":null,"8":null,"9":null,"10":null,"11":null,"12":null,"13":null,"14":null,"15":null,"16":null},"new_parameter":{"0":0,"1":0,"2":0,"3":0,"4":0,"5":0,"6":0,"7":0,"8":0,"9":0,"10":0,"11":0,"12":0,"13":0,"14":0,"15":0,"16":0}}